[
    {
        "name": "ConnectiV-Simulated-87ed94a6",
        "model": "abb.ability.device",
        "type": "mesh.connectiv.00001@1",
        "objectId": "87ed94a6-366d-4b4f-93e5-87c5c95b7d32",
        "serialNumber": "128186",
        "firmwareVersion": "1.32.0",
        "isProvisioned": true,
        "isProvisionedPending": true,
        "latLon": {
            "lat": 37.7772947,
            "lon": -122.4268860
        },
        "locationName": "Palo Alto, CA",
        "status": 0,
        "fake": true
    },
    {
        "name": "ConnectiV-Simulated-ceb62bf1",
        "model": "abb.ability.device",
        "type": "mesh.connectiv.00001@1",
        "objectId": "ceb62bf1-d9b3-412a-b457-b141641bf9bc",
        "serialNumber": "138266",
        "firmwareVersion": "1.32.0",
        "isProvisioned": true,
        "isProvisionedPending": true,
        "latLon": {
            "lat": 37.7842180,
            "lon": -122.4032178
        },
        "locationName": "Palo Alto, CA",
        "status": 0,
        "fake": true
    },
    {
        "name": "ConnectiV-Simulated-9c7812bd",
        "model": "abb.ability.device",
        "type": "mesh.connectiv.00001@1",
        "objectId": "9c7812bd-91df-46e6-92dd-63ad271fb396",
        "serialNumber": "163744",
        "firmwareVersion": "1.32.0",
        "isProvisioned": true,
        "isProvisionedPending": true,
        "latLon": {
            "lat": 37.7594805,
            "lon": -122.3974688
        },
        "locationName": "Palo Alto, CA",
        "status": 0,
        "fake": true
    },
    {
        "name": "ConnectiV-Simulated-fa8b2029",
        "model": "abb.ability.device",
        "type": "mesh.connectiv.00001@1",
        "objectId": "fa8b2029-0045-4589-9ab1-93ea87f44d6c",
        "serialNumber": "178253",
        "firmwareVersion": "1.32.0",
        "isProvisioned": true,
        "isProvisionedPending": true,
        "latLon": {
            "lat": 37.8058063,
            "lon": -122.4166969
        },
        "locationName": "Palo Alto, CA",
        "status": 0,
        "fake": true
    },
    {
        "name": "ConnectiV-Simulated-f96e55c7",
        "model": "abb.ability.device",
        "type": "mesh.connectiv.00001@1",
        "objectId": "f96e55c7-716f-47a7-8422-39df190f06d7",
        "serialNumber": "152924",
        "firmwareVersion": "1.32.0",
        "isProvisioned": true,
        "isProvisionedPending": true,
        "latLon": {
            "lat": 37.7635170,
            "lon": -122.4025383
        },
        "locationName": "Palo Alto, CA",
        "status": 0,
        "fake": true
    },
    {
        "name": "ConnectiV-Simulated-bd1cd8ea",
        "model": "abb.ability.device",
        "type": "mesh.connectiv.00001@1",
        "objectId": "bd1cd8ea-ce70-4b6f-b7fa-6242e0fe887c",
        "serialNumber": "111617",
        "firmwareVersion": "1.32.0",
        "isProvisioned": true,
        "isProvisionedPending": true,
        "latLon": {
            "lat": 37.7710923,
            "lon": -122.4623856
        },
        "locationName": "Palo Alto, CA",
        "status": 0,
        "fake": true
    },
    {
        "name": "ConnectiV-Simulated-9bb72eea",
        "model": "abb.ability.device",
        "type": "mesh.connectiv.00001@1",
        "objectId": "9bb72eea-9644-45c8-8bb8-8a147a8c9100",
        "serialNumber": "199642",
        "firmwareVersion": "1.32.0",
        "isProvisioned": true,
        "isProvisionedPending": true,
        "latLon": {
            "lat": 37.7872077,
            "lon": -122.4991089
        },
        "locationName": "Palo Alto, CA",
        "status": 0,
        "fake": true
    },
    {
        "name": "ConnectiV-Simulated-600be135",
        "model": "abb.ability.device",
        "type": "mesh.connectiv.00001@1",
        "objectId": "600be135-c187-4aae-b30d-f07e4d6281d2",
        "serialNumber": "192108",
        "firmwareVersion": "1.32.0",
        "isProvisioned": true,
        "isProvisionedPending": true,
        "latLon": {
            "lat": 37.8031286,
            "lon": -122.4211490
        },
        "locationName": "Palo Alto, CA",
        "status": 0,
        "fake": true
    },
    {
        "name": "ConnectiV-Simulated-fec7135d",
        "model": "abb.ability.device",
        "type": "mesh.connectiv.00001@1",
        "objectId": "fec7135d-16b9-4ba5-9bc6-a7fef4e7d22b",
        "serialNumber": "119784",
        "firmwareVersion": "1.32.0",
        "isProvisioned": true,
        "isProvisionedPending": true,
        "latLon": {
            "lat": 37.7135825,
            "lon": -122.3829669
        },
        "locationName": "Palo Alto, CA",
        "status": 0,
        "fake": true
    },
    {
        "name": "ConnectiV-Simulated-6e927cd6",
        "model": "abb.ability.device",
        "type": "mesh.connectiv.00001@1",
        "objectId": "6e927cd6-1bdd-4324-adde-5962d00245eb",
        "serialNumber": "186175",
        "firmwareVersion": "1.32.0",
        "isProvisioned": true,
        "isProvisionedPending": true,
        "latLon": {
            "lat": 37.7123848,
            "lon": -122.3997272
        },
        "locationName": "Palo Alto, CA",
        "status": 0,
        "fake": true
    },
    {
        "name": "ConnectiV-Simulated-f541a997",
        "model": "abb.ability.device",
        "type": "mesh.connectiv.00001@1",
        "objectId": "f541a997-9a78-40f5-852a-f98f93af4cbe",
        "serialNumber": "158191",
        "firmwareVersion": "1.32.0",
        "isProvisioned": true,
        "isProvisionedPending": true,
        "latLon": {
            "lat": 47.6157033,
            "lon": -123.4701168
        },
        "locationName": "Olympic National Park, WA",
        "status": 1,
        "fake": true
    },
    {
        "name": "ConnectiV-Simulated-6159ca13",
        "model": "abb.ability.device",
        "type": "mesh.connectiv.00001@1",
        "objectId": "6159ca13-365f-468e-a225-a30495fe684e",
        "serialNumber": "146641",
        "firmwareVersion": "1.32.0",
        "isProvisioned": true,
        "isProvisionedPending": true,
        "latLon": {
            "lat": 47.6089933,
            "lon": -123.4689716
        },
        "locationName": "Olympic National Park, WA",
        "status": 0,
        "fake": true
    },
    {
        "name": "ConnectiV-Simulated-9955b3cf",
        "model": "abb.ability.device",
        "type": "mesh.connectiv.00001@1",
        "objectId": "9955b3cf-bc15-4b60-ae1f-03de5745e5dc",
        "serialNumber": "145873",
        "firmwareVersion": "1.32.0",
        "isProvisioned": true,
        "isProvisionedPending": true,
        "latLon": {
            "lat": 47.6090467,
            "lon": -123.4493811
        },
        "locationName": "Olympic National Park, WA",
        "status": 0,
        "fake": true
    },
    {
        "name": "ConnectiV-Simulated-3025c8a5",
        "model": "abb.ability.device",
        "type": "mesh.connectiv.00001@1",
        "objectId": "3025c8a5-ff7d-4195-b230-f0d6e34020da",
        "serialNumber": "148142",
        "firmwareVersion": "1.32.0",
        "isProvisioned": true,
        "isProvisionedPending": true,
        "latLon": {
            "lat": 47.6209363,
            "lon": -123.4884706
        },
        "locationName": "Olympic National Park, WA",
        "status": 0,
        "fake": true
    },
    {
        "name": "ConnectiV-Simulated-ee3bfb2c",
        "model": "abb.ability.device",
        "type": "mesh.connectiv.00001@1",
        "objectId": "ee3bfb2c-59fa-4a36-a54b-e98c6a8368eb",
        "serialNumber": "180072",
        "firmwareVersion": "1.32.0",
        "isProvisioned": true,
        "isProvisionedPending": true,
        "latLon": {
            "lat": 47.5827343,
            "lon": -123.5039782
        },
        "locationName": "Olympic National Park, WA",
        "status": 0,
        "fake": true
    },
    {
        "name": "ConnectiV-Simulated-56944d56",
        "model": "abb.ability.device",
        "type": "mesh.connectiv.00001@1",
        "objectId": "56944d56-2eee-42c7-ae08-c2b43e30e04a",
        "serialNumber": "188886",
        "firmwareVersion": "1.32.0",
        "isProvisioned": true,
        "isProvisionedPending": true,
        "latLon": {
            "lat": 47.6363997,
            "lon": -123.5119618
        },
        "locationName": "Olympic National Park, WA",
        "status": 0,
        "fake": true
    },
    {
        "name": "ConnectiV-Simulated-3733dac9",
        "model": "abb.ability.device",
        "type": "mesh.connectiv.00001@1",
        "objectId": "3733dac9-7090-434f-b9be-4083314ba9e9",
        "serialNumber": "120559",
        "firmwareVersion": "1.32.0",
        "isProvisioned": true,
        "isProvisionedPending": true,
        "latLon": {
            "lat": 47.6468283,
            "lon": -123.4389711
        },
        "locationName": "Olympic National Park, WA",
        "status": 0,
        "fake": true
    },
    {
        "name": "ConnectiV-Simulated-94d8efeb",
        "model": "abb.ability.device",
        "type": "mesh.connectiv.00001@1",
        "objectId": "94d8efeb-84a5-4536-9c4e-8c5df8ffdfed",
        "serialNumber": "178859",
        "firmwareVersion": "1.32.0",
        "isProvisioned": true,
        "isProvisionedPending": true,
        "latLon": {
            "lat": 47.6151052,
            "lon": -123.3871150
        },
        "locationName": "Olympic National Park, WA",
        "status": 0,
        "fake": true
    },
    {
        "name": "ConnectiV-Simulated-31827ce1",
        "model": "abb.ability.device",
        "type": "mesh.connectiv.00001@1",
        "objectId": "31827ce1-f84f-4aef-94ee-5d61c2805f99",
        "serialNumber": "108583",
        "firmwareVersion": "1.32.0",
        "isProvisioned": true,
        "isProvisionedPending": true,
        "latLon": {
            "lat": 47.5490443,
            "lon": -123.3953429
        },
        "locationName": "Olympic National Park, WA",
        "status": 0,
        "fake": true
    },
    {
        "name": "ConnectiV-Simulated-3f0cac5e",
        "model": "abb.ability.device",
        "type": "mesh.connectiv.00001@1",
        "objectId": "3f0cac5e-b91f-470f-b488-379eb0d84580",
        "serialNumber": "168694",
        "firmwareVersion": "1.32.0",
        "isProvisioned": true,
        "isProvisionedPending": true,
        "latLon": {
            "lat": 47.6265201,
            "lon": -123.3981073
        },
        "locationName": "Olympic National Park, WA",
        "status": 0,
        "fake": true
    },
    {
        "name": "ConnectiV-Simulated-a41eea3c",
        "model": "abb.ability.device",
        "type": "mesh.connectiv.00001@1",
        "objectId": "a41eea3c-9667-47af-a825-1726d98e5a15",
        "serialNumber": "147956",
        "firmwareVersion": "1.32.0",
        "isProvisioned": true,
        "isProvisionedPending": true,
        "latLon": {
            "lat": 35.7649072,
            "lon": -78.9708781
        },
        "locationName": "Cary, NC",
        "status": 0,
        "fake": true
    },
    {
        "name": "ConnectiV-Simulated-a811686d",
        "model": "abb.ability.device",
        "type": "mesh.connectiv.00001@1",
        "objectId": "a811686d-40ff-4c7d-a378-3b214cdee613",
        "serialNumber": "131585",
        "firmwareVersion": "1.32.0",
        "isProvisioned": true,
        "isProvisionedPending": true,
        "latLon": {
            "lat": 35.7742419,
            "lon": -78.9578051
        },
        "locationName": "Cary, NC",
        "status": 0,
        "fake": true
    },
    {
        "name": "ConnectiV-Simulated-63038ec5",
        "model": "abb.ability.device",
        "type": "mesh.connectiv.00001@1",
        "objectId": "63038ec5-c075-4c6c-85b1-07358b788d73",
        "serialNumber": "159268",
        "firmwareVersion": "1.32.0",
        "isProvisioned": true,
        "isProvisionedPending": true,
        "latLon": {
            "lat": 35.7562811,
            "lon": -78.9481850
        },
        "locationName": "Cary, NC",
        "status": 0,
        "fake": true
    },
    {
        "name": "ConnectiV-Simulated-15e6b09c",
        "model": "abb.ability.device",
        "type": "mesh.connectiv.00001@1",
        "objectId": "15e6b09c-e6c0-48ca-b79c-787e1315aae8",
        "serialNumber": "187917",
        "firmwareVersion": "1.32.0",
        "isProvisioned": true,
        "isProvisionedPending": true,
        "latLon": {
            "lat": 35.7724570,
            "lon": -78.9999585
        },
        "locationName": "Cary, NC",
        "status": 0,
        "fake": true
    },
    {
        "name": "ConnectiV-Simulated-6de50009",
        "model": "abb.ability.device",
        "type": "mesh.connectiv.00001@1",
        "objectId": "6de50009-c2cd-4cad-894c-d9de9f8ddfc5",
        "serialNumber": "178037",
        "firmwareVersion": "1.32.0",
        "isProvisioned": true,
        "isProvisionedPending": true,
        "latLon": {
            "lat": 35.7753707,
            "lon": -78.9471915
        },
        "locationName": "Cary, NC",
        "status": 0,
        "fake": true
    },
    {
        "name": "ConnectiV-Simulated-5af34ee4",
        "model": "abb.ability.device",
        "type": "mesh.connectiv.00001@1",
        "objectId": "5af34ee4-ebc3-4161-bc6d-1ded4c21d85e",
        "serialNumber": "179639",
        "firmwareVersion": "1.32.0",
        "isProvisioned": true,
        "isProvisionedPending": true,
        "latLon": {
            "lat": 35.7446378,
            "lon": -79.0062105
        },
        "locationName": "Cary, NC",
        "status": 0,
        "fake": true
    },
    {
        "name": "ConnectiV-Simulated-82b5dbb9",
        "model": "abb.ability.device",
        "type": "mesh.connectiv.00001@1",
        "objectId": "82b5dbb9-a767-4a62-b4bf-e107aa4612a4",
        "serialNumber": "181003",
        "firmwareVersion": "1.32.0",
        "isProvisioned": true,
        "isProvisionedPending": true,
        "latLon": {
            "lat": 35.8125256,
            "lon": -78.9371464
        },
        "locationName": "Cary, NC",
        "status": 0,
        "fake": true
    },
    {
        "name": "ConnectiV-Simulated-3ce4c1da",
        "model": "abb.ability.device",
        "type": "mesh.connectiv.00001@1",
        "objectId": "3ce4c1da-0979-4b31-816c-380b62101cc5",
        "serialNumber": "187723",
        "firmwareVersion": "1.32.0",
        "isProvisioned": true,
        "isProvisionedPending": true,
        "latLon": {
            "lat": 35.7567977,
            "lon": -78.9746382
        },
        "locationName": "Cary, NC",
        "status": 0,
        "fake": true
    },
    {
        "name": "ConnectiV-Simulated-cc1a133b",
        "model": "abb.ability.device",
        "type": "mesh.connectiv.00001@1",
        "objectId": "cc1a133b-449c-41e0-8905-a927e7cdd5e6",
        "serialNumber": "134880",
        "firmwareVersion": "1.32.0",
        "isProvisioned": true,
        "isProvisionedPending": true,
        "latLon": {
            "lat": 35.7978961,
            "lon": -78.9116000
        },
        "locationName": "Cary, NC",
        "status": 0,
        "fake": true
    },
    {
        "name": "ConnectiV-Simulated-74ad5a27",
        "model": "abb.ability.device",
        "type": "mesh.connectiv.00001@1",
        "objectId": "74ad5a27-0cf6-4f53-8d3d-347abc79986c",
        "serialNumber": "124611",
        "firmwareVersion": "1.32.0",
        "isProvisioned": true,
        "isProvisionedPending": true,
        "latLon": {
            "lat": 35.7677864,
            "lon": -78.9858677
        },
        "locationName": "Cary, NC",
        "status": 0,
        "fake": true
    },
    {
        "name": "ConnectiV-Simulated-22cabd49",
        "model": "abb.ability.device",
        "type": "mesh.connectiv.00001@1",
        "objectId": "22cabd49-01e9-4534-ae97-1f7df386e6ef",
        "serialNumber": "185903",
        "firmwareVersion": "1.32.0",
        "isProvisioned": true,
        "isProvisionedPending": true,
        "latLon": {
            "lat": 30.2339313,
            "lon": -93.3869799
        },
        "locationName": "Sulphur, LA",
        "status": 0,
        "fake": true
    },
    {
        "name": "ConnectiV-Simulated-9b3e0d3c",
        "model": "abb.ability.device",
        "type": "mesh.connectiv.00001@1",
        "objectId": "9b3e0d3c-37e9-418c-89b2-6f8c09c4dc8d",
        "serialNumber": "133512",
        "firmwareVersion": "1.32.0",
        "isProvisioned": true,
        "isProvisionedPending": true,
        "latLon": {
            "lat": 30.2185076,
            "lon": -93.3928043
        },
        "locationName": "Sulphur, LA",
        "status": 0,
        "fake": true
    },
    {
        "name": "ConnectiV-Simulated-3c877951",
        "model": "abb.ability.device",
        "type": "mesh.connectiv.00001@1",
        "objectId": "3c877951-8669-4fe9-b589-345ebb1aebf4",
        "serialNumber": "155217",
        "firmwareVersion": "1.32.0",
        "isProvisioned": true,
        "isProvisionedPending": true,
        "latLon": {
            "lat": 30.2511479,
            "lon": -93.4036674
        },
        "locationName": "Sulphur, LA",
        "status": 0,
        "fake": true
    },
    {
        "name": "ConnectiV-Simulated-e492bf3c",
        "model": "abb.ability.device",
        "type": "mesh.connectiv.00001@1",
        "objectId": "e492bf3c-8c95-44bb-b3f9-5a4e3490a16a",
        "serialNumber": "182840",
        "firmwareVersion": "1.32.0",
        "isProvisioned": true,
        "isProvisionedPending": true,
        "latLon": {
            "lat": 30.2119731,
            "lon": -93.3665251
        },
        "locationName": "Sulphur, LA",
        "status": 0,
        "fake": true
    },
    {
        "name": "ConnectiV-Simulated-265c1dab",
        "model": "abb.ability.device",
        "type": "mesh.connectiv.00001@1",
        "objectId": "265c1dab-1571-4f71-b83a-ceef41aa6930",
        "serialNumber": "109002",
        "firmwareVersion": "1.32.0",
        "isProvisioned": true,
        "isProvisionedPending": true,
        "latLon": {
            "lat": 30.2613491,
            "lon": -93.3717866
        },
        "locationName": "Sulphur, LA",
        "status": 0,
        "fake": true
    },
    {
        "name": "ConnectiV-Simulated-58beeaf4",
        "model": "abb.ability.device",
        "type": "mesh.connectiv.00001@1",
        "objectId": "58beeaf4-a763-42f1-a7ff-0f15778370a1",
        "serialNumber": "174857",
        "firmwareVersion": "1.32.0",
        "isProvisioned": true,
        "isProvisionedPending": true,
        "latLon": {
            "lat": 30.2307385,
            "lon": -93.3690428
        },
        "locationName": "Sulphur, LA",
        "status": 0,
        "fake": true
    },
    {
        "name": "ConnectiV-Simulated-2b6b5735",
        "model": "abb.ability.device",
        "type": "mesh.connectiv.00001@1",
        "objectId": "2b6b5735-7097-4c17-876c-b249a9403f95",
        "serialNumber": "157163",
        "firmwareVersion": "1.32.0",
        "isProvisioned": true,
        "isProvisionedPending": true,
        "latLon": {
            "lat": 30.2680055,
            "lon": -93.3940613
        },
        "locationName": "Sulphur, LA",
        "status": 0,
        "fake": true
    },
    {
        "name": "ConnectiV-Simulated-d8e19954",
        "model": "abb.ability.device",
        "type": "mesh.connectiv.00001@1",
        "objectId": "d8e19954-abf0-46f9-814d-1f3c8d40160f",
        "serialNumber": "109902",
        "firmwareVersion": "1.32.0",
        "isProvisioned": true,
        "isProvisionedPending": true,
        "latLon": {
            "lat": 30.2132035,
            "lon": -93.4025551
        },
        "locationName": "Sulphur, LA",
        "status": 0,
        "fake": true
    },
    {
        "name": "ConnectiV-Simulated-3b650cb1",
        "model": "abb.ability.device",
        "type": "mesh.connectiv.00001@1",
        "objectId": "3b650cb1-972e-4543-bf62-f8755c473229",
        "serialNumber": "103034",
        "firmwareVersion": "1.32.0",
        "isProvisioned": true,
        "isProvisionedPending": true,
        "latLon": {
            "lat": 30.2924130,
            "lon": -93.3374550
        },
        "locationName": "Sulphur, LA",
        "status": 0,
        "fake": true
    },
    {
        "name": "ConnectiV-Simulated-01dffc12",
        "model": "abb.ability.device",
        "type": "mesh.connectiv.00001@1",
        "objectId": "01dffc12-c3c0-4b7b-905e-3b633e64e527",
        "serialNumber": "178072",
        "firmwareVersion": "1.32.0",
        "isProvisioned": true,
        "isProvisionedPending": true,
        "latLon": {
            "lat": 30.2872152,
            "lon": -93.4600743
        },
        "locationName": "Sulphur, LA",
        "status": 0,
        "fake": true
    },
    {
        "name": "ConnectiV-Simulated-7f7ec70f",
        "model": "abb.ability.device",
        "type": "mesh.connectiv.00001@1",
        "objectId": "7f7ec70f-670b-474d-840f-17edb86953fb",
        "serialNumber": "106282",
        "firmwareVersion": "1.32.0",
        "isProvisioned": true,
        "isProvisionedPending": true,
        "latLon": {
            "lat": 36.1943992,
            "lon": -87.0632159
        },
        "locationName": "Nashville, TN",
        "status": 1,
        "fake": true
    },
    {
        "name": "ConnectiV-Simulated-147677cd",
        "model": "abb.ability.device",
        "type": "mesh.connectiv.00001@1",
        "objectId": "147677cd-d1c9-4189-8cab-5a8f6e6333f3",
        "serialNumber": "188199",
        "firmwareVersion": "1.32.0",
        "isProvisioned": true,
        "isProvisionedPending": true,
        "latLon": {
            "lat": 36.1953574,
            "lon": -87.0657030
        },
        "locationName": "Nashville, TN",
        "status": 0,
        "fake": true
    },
    {
        "name": "ConnectiV-Simulated-a5e95453",
        "model": "abb.ability.device",
        "type": "mesh.connectiv.00001@1",
        "objectId": "a5e95453-366d-4976-8445-262a60d39bbf",
        "serialNumber": "170652",
        "firmwareVersion": "1.32.0",
        "isProvisioned": true,
        "isProvisionedPending": true,
        "latLon": {
            "lat": 36.1888474,
            "lon": -87.0603561
        },
        "locationName": "Nashville, TN",
        "status": 0,
        "fake": true
    },
    {
        "name": "ConnectiV-Simulated-6a15895a",
        "model": "abb.ability.device",
        "type": "mesh.connectiv.00001@1",
        "objectId": "6a15895a-5d6f-48b8-bd19-7583f2943df2",
        "serialNumber": "129051",
        "firmwareVersion": "1.32.0",
        "isProvisioned": true,
        "isProvisionedPending": true,
        "latLon": {
            "lat": 36.1691181,
            "lon": -87.0792755
        },
        "locationName": "Nashville, TN",
        "status": 0,
        "fake": true
    },
    {
        "name": "ConnectiV-Simulated-91ea6139",
        "model": "abb.ability.device",
        "type": "mesh.connectiv.00001@1",
        "objectId": "91ea6139-3d06-4f19-9515-a05830ebbd57",
        "serialNumber": "168604",
        "firmwareVersion": "1.32.0",
        "isProvisioned": true,
        "isProvisionedPending": true,
        "latLon": {
            "lat": 36.2259477,
            "lon": -87.1042561
        },
        "locationName": "Nashville, TN",
        "status": 0,
        "fake": true
    },
    {
        "name": "ConnectiV-Simulated-e98ff5b7",
        "model": "abb.ability.device",
        "type": "mesh.connectiv.00001@1",
        "objectId": "e98ff5b7-83b5-4621-a241-183201ff9b48",
        "serialNumber": "110745",
        "firmwareVersion": "1.32.0",
        "isProvisioned": true,
        "isProvisionedPending": true,
        "latLon": {
            "lat": 36.2007159,
            "lon": -87.0399186
        },
        "locationName": "Nashville, TN",
        "status": 0,
        "fake": true
    },
    {
        "name": "ConnectiV-Simulated-ef6c67c7",
        "model": "abb.ability.device",
        "type": "mesh.connectiv.00001@1",
        "objectId": "ef6c67c7-67d9-4958-8bc4-addcfc243232",
        "serialNumber": "171632",
        "firmwareVersion": "1.32.0",
        "isProvisioned": true,
        "isProvisionedPending": true,
        "latLon": {
            "lat": 36.1558900,
            "lon": -87.1092240
        },
        "locationName": "Nashville, TN",
        "status": 0,
        "fake": true
    },
    {
        "name": "ConnectiV-Simulated-6aad4fe5",
        "model": "abb.ability.device",
        "type": "mesh.connectiv.00001@1",
        "objectId": "6aad4fe5-ccdc-4d00-8eb3-9050684a46bb",
        "serialNumber": "192348",
        "firmwareVersion": "1.32.0",
        "isProvisioned": true,
        "isProvisionedPending": true,
        "latLon": {
            "lat": 36.1248293,
            "lon": -87.0247656
        },
        "locationName": "Nashville, TN",
        "status": 0,
        "fake": true
    },
    {
        "name": "ConnectiV-Simulated-71515c6d",
        "model": "abb.ability.device",
        "type": "mesh.connectiv.00001@1",
        "objectId": "71515c6d-7739-40e7-9afe-c790cc027b30",
        "serialNumber": "161977",
        "firmwareVersion": "1.32.0",
        "isProvisioned": true,
        "isProvisionedPending": true,
        "latLon": {
            "lat": 36.2153369,
            "lon": -87.1146552
        },
        "locationName": "Nashville, TN",
        "status": 0,
        "fake": true
    },
    {
        "name": "ConnectiV-Simulated-3d2b62e8",
        "model": "abb.ability.device",
        "type": "mesh.connectiv.00001@1",
        "objectId": "3d2b62e8-8a10-4889-9b51-eb6fd3cef06c",
        "serialNumber": "128452",
        "firmwareVersion": "1.32.0",
        "isProvisioned": true,
        "isProvisionedPending": true,
        "latLon": {
            "lat": 36.2671910,
            "lon": -87.1098693
        },
        "locationName": "Nashville, TN",
        "status": 0,
        "fake": true
    },
    {
        "name": "ConnectiV-Simulated-23ee17ed",
        "model": "abb.ability.device",
        "type": "mesh.connectiv.00001@1",
        "objectId": "23ee17ed-582b-480d-a227-a106d9aa6cd1",
        "serialNumber": "192956",
        "firmwareVersion": "1.32.0",
        "isProvisioned": true,
        "isProvisionedPending": true,
        "latLon": {
            "lat": 43.7842143,
            "lon": -70.2311369
        },
        "locationName": "Yartmouth, ME",
        "status": 0,
        "fake": true
    },
    {
        "name": "ConnectiV-Simulated-1e4a1cf8",
        "model": "abb.ability.device",
        "type": "mesh.connectiv.00001@1",
        "objectId": "1e4a1cf8-8089-4a7e-b384-44acafdf8049",
        "serialNumber": "121280",
        "firmwareVersion": "1.32.0",
        "isProvisioned": true,
        "isProvisionedPending": true,
        "latLon": {
            "lat": 43.7995827,
            "lon": -70.2280694
        },
        "locationName": "Yartmouth, ME",
        "status": 0,
        "fake": true
    },
    {
        "name": "ConnectiV-Simulated-3cfe244d",
        "model": "abb.ability.device",
        "type": "mesh.connectiv.00001@1",
        "objectId": "3cfe244d-399d-4c8e-9338-9b9204defd36",
        "serialNumber": "196107",
        "firmwareVersion": "1.32.0",
        "isProvisioned": true,
        "isProvisionedPending": true,
        "latLon": {
            "lat": 43.7842819,
            "lon": -70.2331764
        },
        "locationName": "Yartmouth, ME",
        "status": 0,
        "fake": true
    },
    {
        "name": "ConnectiV-Simulated-8ac0339e",
        "model": "abb.ability.device",
        "type": "mesh.connectiv.00001@1",
        "objectId": "8ac0339e-09a8-4f95-ab75-92c46a972756",
        "serialNumber": "165116",
        "firmwareVersion": "1.32.0",
        "isProvisioned": true,
        "isProvisionedPending": true,
        "latLon": {
            "lat": 43.8146485,
            "lon": -70.2305649
        },
        "locationName": "Yartmouth, ME",
        "status": 0,
        "fake": true
    },
    {
        "name": "ConnectiV-Simulated-0088301f",
        "model": "abb.ability.device",
        "type": "mesh.connectiv.00001@1",
        "objectId": "0088301f-befc-4cbb-ad10-8437b8bbe6fc",
        "serialNumber": "100680",
        "firmwareVersion": "1.32.0",
        "isProvisioned": true,
        "isProvisionedPending": true,
        "latLon": {
            "lat": 43.8079105,
            "lon": -70.2547436
        },
        "locationName": "Yartmouth, ME",
        "status": 0,
        "fake": true
    },
    {
        "name": "ConnectiV-Simulated-bf1ffbb0",
        "model": "abb.ability.device",
        "type": "mesh.connectiv.00001@1",
        "objectId": "bf1ffbb0-85eb-4530-bd5a-370007fd2dc8",
        "serialNumber": "124570",
        "firmwareVersion": "1.32.0",
        "isProvisioned": true,
        "isProvisionedPending": true,
        "latLon": {
            "lat": 43.8200003,
            "lon": -70.2500395
        },
        "locationName": "Yartmouth, ME",
        "status": 1,
        "fake": true
    },
    {
        "name": "ConnectiV-Simulated-5a2166e2",
        "model": "abb.ability.device",
        "type": "mesh.connectiv.00001@1",
        "objectId": "5a2166e2-7fab-4198-a231-c1aa1062d399",
        "serialNumber": "130754",
        "firmwareVersion": "1.32.0",
        "isProvisioned": true,
        "isProvisionedPending": true,
        "latLon": {
            "lat": 43.7580305,
            "lon": -70.2835682
        },
        "locationName": "Yartmouth, ME",
        "status": 0,
        "fake": true
    },
    {
        "name": "ConnectiV-Simulated-d0900ac7",
        "model": "abb.ability.device",
        "type": "mesh.connectiv.00001@1",
        "objectId": "d0900ac7-07f5-4e3a-ab16-f86e57ffbe45",
        "serialNumber": "159185",
        "firmwareVersion": "1.32.0",
        "isProvisioned": true,
        "isProvisionedPending": true,
        "latLon": {
            "lat": 43.7148604,
            "lon": -70.2592809
        },
        "locationName": "Yartmouth, ME",
        "status": 0,
        "fake": true
    },
    {
        "name": "ConnectiV-Simulated-222ab4b2",
        "model": "abb.ability.device",
        "type": "mesh.connectiv.00001@1",
        "objectId": "222ab4b2-7e3f-4f1d-83ef-1b9a67ca0853",
        "serialNumber": "190564",
        "firmwareVersion": "1.32.0",
        "isProvisioned": true,
        "isProvisionedPending": true,
        "latLon": {
            "lat": 43.8297530,
            "lon": -70.2283316
        },
        "locationName": "Yartmouth, ME",
        "status": 0,
        "fake": true
    },
    {
        "name": "ConnectiV-Simulated-e167c94b",
        "model": "abb.ability.device",
        "type": "mesh.connectiv.00001@1",
        "objectId": "e167c94b-52a3-4ca6-bb94-42d78486c7a5",
        "serialNumber": "102930",
        "firmwareVersion": "1.32.0",
        "isProvisioned": true,
        "isProvisionedPending": true,
        "latLon": {
            "lat": 43.74375803,
            "lon": -70.29451350
        },
        "locationName": "Yartmouth, ME",
        "status": 0,
        "fake": true
    },
    {
        "name": "ConnectiV-Simulated-e3a77d53",
        "model": "abb.ability.device",
        "type": "mesh.connectiv.00001@1",
        "objectId": "e3a77d53-3672-4c31-8cfa-821cdc02be66",
        "serialNumber": "181848",
        "firmwareVersion": "1.32.0",
        "isProvisioned": true,
        "isProvisionedPending": true,
        "latLon": {
            "lat": 42.6637534,
            "lon": -83.3086004
        },
        "locationName": "Auburn Hills, MI",
        "status": 0,
        "fake": true
    },
    {
        "name": "ConnectiV-Simulated-11db9f70",
        "model": "abb.ability.device",
        "type": "mesh.connectiv.00001@1",
        "objectId": "11db9f70-7c81-4572-b3ba-ad4dce4a2724",
        "serialNumber": "108563",
        "firmwareVersion": "1.32.0",
        "isProvisioned": true,
        "isProvisionedPending": true,
        "latLon": {
            "lat": 42.6676412,
            "lon": -83.2894615
        },
        "locationName": "Auburn Hills, MI",
        "status": 0,
        "fake": true
    },
    {
        "name": "ConnectiV-Simulated-8e914f0b",
        "model": "abb.ability.device",
        "type": "mesh.connectiv.00001@1",
        "objectId": "8e914f0b-7118-419d-9420-c4174f50587f",
        "serialNumber": "153959",
        "firmwareVersion": "1.32.0",
        "isProvisioned": true,
        "isProvisionedPending": true,
        "latLon": {
            "lat": 42.6705706,
            "lon": -83.3001596
        },
        "locationName": "Auburn Hills, MI",
        "status": 2,
        "fake": true
    },
    {
        "name": "ConnectiV-Simulated-58af973c",
        "model": "abb.ability.device",
        "type": "mesh.connectiv.00001@1",
        "objectId": "58af973c-e14e-4bd3-b39a-f00091d45aba",
        "serialNumber": "143127",
        "firmwareVersion": "1.32.0",
        "isProvisioned": true,
        "isProvisionedPending": true,
        "latLon": {
            "lat": 42.6961520,
            "lon": -83.3121882
        },
        "locationName": "Auburn Hills, MI",
        "status": 0,
        "fake": true
    },
    {
        "name": "ConnectiV-Simulated-ab47bd03",
        "model": "abb.ability.device",
        "type": "mesh.connectiv.00001@1",
        "objectId": "ab47bd03-6eef-4216-ae57-83b525237d54",
        "serialNumber": "164757",
        "firmwareVersion": "1.32.0",
        "isProvisioned": true,
        "isProvisionedPending": true,
        "latLon": {
            "lat": 42.6785083,
            "lon": -83.3567267
        },
        "locationName": "Auburn Hills, MI",
        "status": 0,
        "fake": true
    },
    {
        "name": "ConnectiV-Simulated-204b5416",
        "model": "abb.ability.device",
        "type": "mesh.connectiv.00001@1",
        "objectId": "204b5416-cbc8-4495-9e81-1ac556a9777b",
        "serialNumber": "144472",
        "firmwareVersion": "1.32.0",
        "isProvisioned": true,
        "isProvisionedPending": true,
        "latLon": {
            "lat": 42.7004104,
            "lon": -83.3215003
        },
        "locationName": "Auburn Hills, MI",
        "status": 2,
        "fake": true
    },
    {
        "name": "ConnectiV-Simulated-398fa8c4",
        "model": "abb.ability.device",
        "type": "mesh.connectiv.00001@1",
        "objectId": "398fa8c4-e255-4591-97c7-7ff2977577ca",
        "serialNumber": "117133",
        "firmwareVersion": "1.32.0",
        "isProvisioned": true,
        "isProvisionedPending": true,
        "latLon": {
            "lat": 42.6824994,
            "lon": -83.2283702
        },
        "locationName": "Auburn Hills, MI",
        "status": 0,
        "fake": true
    },
    {
        "name": "ConnectiV-Simulated-eb049cf6",
        "model": "abb.ability.device",
        "type": "mesh.connectiv.00001@1",
        "objectId": "eb049cf6-b4f0-4d0e-aa7a-f4892a1b97a2",
        "serialNumber": "160741",
        "firmwareVersion": "1.32.0",
        "isProvisioned": true,
        "isProvisionedPending": true,
        "latLon": {
            "lat": 42.6253355,
            "lon": -83.3578706
        },
        "locationName": "Auburn Hills, MI",
        "status": 0,
        "fake": true
    },
    {
        "name": "ConnectiV-Simulated-49e396db",
        "model": "abb.ability.device",
        "type": "mesh.connectiv.00001@1",
        "objectId": "49e396db-9358-4437-9fa2-2f7e31c3f05f",
        "serialNumber": "112880",
        "firmwareVersion": "1.32.0",
        "isProvisioned": true,
        "isProvisionedPending": true,
        "latLon": {
            "lat": 42.6837196,
            "lon": -83.3301463
        },
        "locationName": "Auburn Hills, MI",
        "status": 0,
        "fake": true
    },
    {
        "name": "ConnectiV-Simulated-785f387f",
        "model": "abb.ability.device",
        "type": "mesh.connectiv.00001@1",
        "objectId": "785f387f-bcdf-44a7-889e-fa877946f8ef",
        "serialNumber": "170953",
        "firmwareVersion": "1.32.0",
        "isProvisioned": true,
        "isProvisionedPending": true,
        "latLon": {
            "lat": 42.7093040,
            "lon": -83.3527345
        },
        "locationName": "Auburn Hills, MI",
        "status": 0,
        "fake": true
    },
    {
        "name": "ConnectiV-Simulated-43dfc0da",
        "model": "abb.ability.device",
        "type": "mesh.connectiv.00001@1",
        "objectId": "43dfc0da-4d3e-4537-ba8a-ba8040b2ce09",
        "serialNumber": "191491",
        "firmwareVersion": "1.32.0",
        "isProvisioned": true,
        "isProvisionedPending": true,
        "latLon": {
            "lat": 38.9561895,
            "lon": -94.8662042
        },
        "locationName": "Lenexa, KS",
        "status": 0,
        "fake": true
    },
    {
        "name": "ConnectiV-Simulated-30897605",
        "model": "abb.ability.device",
        "type": "mesh.connectiv.00001@1",
        "objectId": "30897605-6b85-4836-b590-347ce0d3a5a9",
        "serialNumber": "181753",
        "firmwareVersion": "1.32.0",
        "isProvisioned": true,
        "isProvisionedPending": true,
        "latLon": {
            "lat": 38.9440634,
            "lon": -94.8642706
        },
        "locationName": "Lenexa, KS",
        "status": 0,
        "fake": true
    },
    {
        "name": "ConnectiV-Simulated-7b2cb8b4",
        "model": "abb.ability.device",
        "type": "mesh.connectiv.00001@1",
        "objectId": "7b2cb8b4-31ad-4c4a-a348-4524f3f7fe8d",
        "serialNumber": "190016",
        "firmwareVersion": "1.32.0",
        "isProvisioned": true,
        "isProvisionedPending": true,
        "latLon": {
            "lat": 38.9359155,
            "lon": -94.8600182
        },
        "locationName": "Lenexa, KS",
        "status": 0,
        "fake": true
    },
    {
        "name": "ConnectiV-Simulated-59777234",
        "model": "abb.ability.device",
        "type": "mesh.connectiv.00001@1",
        "objectId": "59777234-ceca-4092-8505-62df9c840afd",
        "serialNumber": "175674",
        "firmwareVersion": "1.32.0",
        "isProvisioned": true,
        "isProvisionedPending": true,
        "latLon": {
            "lat": 38.9581170,
            "lon": -94.8611045
        },
        "locationName": "Lenexa, KS",
        "status": 1,
        "fake": true
    },
    {
        "name": "ConnectiV-Simulated-450328a3",
        "model": "abb.ability.device",
        "type": "mesh.connectiv.00001@1",
        "objectId": "450328a3-eb87-4514-9650-0de321512d11",
        "serialNumber": "187519",
        "firmwareVersion": "1.32.0",
        "isProvisioned": true,
        "isProvisionedPending": true,
        "latLon": {
            "lat": 38.9249227,
            "lon": -94.8584413
        },
        "locationName": "Lenexa, KS",
        "status": 0,
        "fake": true
    },
    {
        "name": "ConnectiV-Simulated-c391989b",
        "model": "abb.ability.device",
        "type": "mesh.connectiv.00001@1",
        "objectId": "c391989b-40aa-42fe-9932-f4f2ba2ce6fa",
        "serialNumber": "164131",
        "firmwareVersion": "1.32.0",
        "isProvisioned": true,
        "isProvisionedPending": true,
        "latLon": {
            "lat": 38.94231695,
            "lon": -94.82662352
        },
        "locationName": "Lenexa, KS",
        "status": 0,
        "fake": true
    },
    {
        "name": "ConnectiV-Simulated-344b0af3",
        "model": "abb.ability.device",
        "type": "mesh.connectiv.00001@1",
        "objectId": "344b0af3-24aa-45a5-b58a-31c9c7f4573b",
        "serialNumber": "174770",
        "firmwareVersion": "1.32.0",
        "isProvisioned": true,
        "isProvisionedPending": true,
        "latLon": {
            "lat": 38.9368292,
            "lon": -94.8300334
        },
        "locationName": "Lenexa, KS",
        "status": 0,
        "fake": true
    },
    {
        "name": "ConnectiV-Simulated-7702239d",
        "model": "abb.ability.device",
        "type": "mesh.connectiv.00001@1",
        "objectId": "7702239d-09cb-4f14-acb9-4d65143c1fd5",
        "serialNumber": "109418",
        "firmwareVersion": "1.32.0",
        "isProvisioned": true,
        "isProvisionedPending": true,
        "latLon": {
            "lat": 38.9836066,
            "lon": -94.8778719
        },
        "locationName": "Lenexa, KS",
        "status": 0,
        "fake": true
    },
    {
        "name": "ConnectiV-Simulated-6596fa05",
        "model": "abb.ability.device",
        "type": "mesh.connectiv.00001@1",
        "objectId": "6596fa05-9b98-4d70-8279-77c48bd50d0b",
        "serialNumber": "185520",
        "firmwareVersion": "1.32.0",
        "isProvisioned": true,
        "isProvisionedPending": true,
        "latLon": {
            "lat": 38.9706250,
            "lon": -94.8953096
        },
        "locationName": "Lenexa, KS",
        "status": 0,
        "fake": true
    },
    {
        "name": "ConnectiV-Simulated-35cd86dd",
        "model": "abb.ability.device",
        "type": "mesh.connectiv.00001@1",
        "objectId": "35cd86dd-f7ed-4e98-8193-ea67992cd1ac",
        "serialNumber": "198157",
        "firmwareVersion": "1.32.0",
        "isProvisioned": true,
        "isProvisionedPending": true,
        "latLon": {
            "lat": 39.0213856,
            "lon": -94.8866962
        },
        "locationName": "Lenexa, KS",
        "status": 0,
        "fake": true
    },
    {
        "name": "ConnectiV-Simulated-e9997d74",
        "model": "abb.ability.device",
        "type": "mesh.connectiv.00001@1",
        "objectId": "e9997d74-4d96-4b45-ad50-479ea4de5faa",
        "serialNumber": "110500",
        "firmwareVersion": "1.32.0",
        "isProvisioned": true,
        "isProvisionedPending": true,
        "latLon": {
            "lat": 43.0713737,
            "lon": -88.0695231
        },
        "locationName": "Wauwatosa, WI",
        "status": 0,
        "fake": true
    },
    {
        "name": "ConnectiV-Simulated-55aa0b02",
        "model": "abb.ability.device",
        "type": "mesh.connectiv.00001@1",
        "objectId": "55aa0b02-80f6-44ab-b8f0-7d3a688daf6f",
        "serialNumber": "141350",
        "firmwareVersion": "1.32.0",
        "isProvisioned": true,
        "isProvisionedPending": true,
        "latLon": {
            "lat": 43.0660875,
            "lon": -88.0558589
        },
        "locationName": "Wauwatosa, WI",
        "status": 0,
        "fake": true
    },
    {
        "name": "ConnectiV-Simulated-425e9506",
        "model": "abb.ability.device",
        "type": "mesh.connectiv.00001@1",
        "objectId": "425e9506-2122-4cfc-9a87-87c4420d136f",
        "serialNumber": "124544",
        "firmwareVersion": "1.32.0",
        "isProvisioned": true,
        "isProvisionedPending": true,
        "latLon": {
            "lat": 43.0485359,
            "lon": -88.0512001
        },
        "locationName": "Wauwatosa, WI",
        "status": 0,
        "fake": true
    },
    {
        "name": "ConnectiV-Simulated-dbd348a0",
        "model": "abb.ability.device",
        "type": "mesh.connectiv.00001@1",
        "objectId": "dbd348a0-cb54-4289-a80a-36d8662a24c1",
        "serialNumber": "149828",
        "firmwareVersion": "1.32.0",
        "isProvisioned": true,
        "isProvisionedPending": true,
        "latLon": {
            "lat": 43.0437900,
            "lon": -88.0737548
        },
        "locationName": "Wauwatosa, WI",
        "status": 0,
        "fake": true
    },
    {
        "name": "ConnectiV-Simulated-c1548b7d",
        "model": "abb.ability.device",
        "type": "mesh.connectiv.00001@1",
        "objectId": "c1548b7d-cfe4-4047-bc82-3730f4be31a5",
        "serialNumber": "163029",
        "firmwareVersion": "1.32.0",
        "isProvisioned": true,
        "isProvisionedPending": true,
        "latLon": {
            "lat": 43.0503927,
            "lon": -88.0302695
        },
        "locationName": "Wauwatosa, WI",
        "status": 0,
        "fake": true
    },
    {
        "name": "ConnectiV-Simulated-d0955f7f",
        "model": "abb.ability.device",
        "type": "mesh.connectiv.00001@1",
        "objectId": "d0955f7f-f128-499e-87e1-03c95d29157a",
        "serialNumber": "192125",
        "firmwareVersion": "1.32.0",
        "isProvisioned": true,
        "isProvisionedPending": true,
        "latLon": {
            "lat": 43.0174711,
            "lon": -88.0435611
        },
        "locationName": "Wauwatosa, WI",
        "status": 0,
        "fake": true
    },
    {
        "name": "ConnectiV-Simulated-ad501763",
        "model": "abb.ability.device",
        "type": "mesh.connectiv.00001@1",
        "objectId": "ad501763-60dd-4be8-90dd-ddd4ba07ccc9",
        "serialNumber": "147983",
        "firmwareVersion": "1.32.0",
        "isProvisioned": true,
        "isProvisionedPending": true,
        "latLon": {
            "lat": 43.0874173,
            "lon": -88.1460161
        },
        "locationName": "Wauwatosa, WI",
        "status": 0,
        "fake": true
    },
    {
        "name": "ConnectiV-Simulated-00531ef0",
        "model": "abb.ability.device",
        "type": "mesh.connectiv.00001@1",
        "objectId": "00531ef0-2d08-48b9-9fb1-fb78184c7dbe",
        "serialNumber": "141407",
        "firmwareVersion": "1.32.0",
        "isProvisioned": true,
        "isProvisionedPending": true,
        "latLon": {
            "lat": 43.1072095,
            "lon": -88.1067745
        },
        "locationName": "Wauwatosa, WI",
        "status": 0,
        "fake": true
    },
    {
        "name": "ConnectiV-Simulated-0396c0ad",
        "model": "abb.ability.device",
        "type": "mesh.connectiv.00001@1",
        "objectId": "0396c0ad-bc3c-4684-a8db-d0f9ab27f1f1",
        "serialNumber": "182221",
        "firmwareVersion": "1.32.0",
        "isProvisioned": true,
        "isProvisionedPending": true,
        "latLon": {
            "lat": 43.0969311,
            "lon": -88.0546645
        },
        "locationName": "Wauwatosa, WI",
        "status": 0,
        "fake": true
    },
    {
        "name": "ConnectiV-Simulated-0ceae72e",
        "model": "abb.ability.device",
        "type": "mesh.connectiv.00001@1",
        "objectId": "0ceae72e-8848-4468-80de-291e68bf1e68",
        "serialNumber": "159801",
        "firmwareVersion": "1.32.0",
        "isProvisioned": true,
        "isProvisionedPending": true,
        "latLon": {
            "lat": 43.0685062,
            "lon": -88.1460161
        },
        "locationName": "Wauwatosa, WI",
        "status": 0,
        "fake": true
    },
    {
        "name": "ConnectiV-Simulated-4e8cd024",
        "model": "abb.ability.device",
        "type": "mesh.connectiv.00001@1",
        "objectId": "4e8cd024-ddfe-4783-905e-2c88f6247bc7",
        "serialNumber": "168786",
        "firmwareVersion": "1.32.0",
        "isProvisioned": true,
        "isProvisionedPending": true,
        "latLon": {
            "lat": 37.0991972,
            "lon": -81.132247
        },
        "locationName": "Bland, VA",
        "status": 0,
        "fake": true
    },
    {
        "name": "ConnectiV-Simulated-791c917d",
        "model": "abb.ability.device",
        "type": "mesh.connectiv.00001@1",
        "objectId": "791c917d-0fba-4325-82e1-c439295dc52a",
        "serialNumber": "194446",
        "firmwareVersion": "1.32.0",
        "isProvisioned": true,
        "isProvisionedPending": true,
        "latLon": {
            "lat": 32.748585,
            "lon": -117.252708
        },
        "locationName": "San Diego, CA",
        "status": 0,
        "fake": true
    }
]
